username,name,url_main,url_user,exists,http_status,response_time_s
pawelhordynski,8tracks,https://8tracks.com/,https://8tracks.com/pawelhordynski,Claimed,530,0.13439179100009824
pawelhordynski,Air Pilot Life,https://airlinepilot.life/,https://airlinepilot.life/u/pawelhordynski,Claimed,200,1.134961917000055
pawelhordynski,Alik.cz,https://www.alik.cz/,https://www.alik.cz/u/pawelhordynski,Claimed,200,0.35538225000004786
pawelhordynski,Apple Discussions,https://discussions.apple.com,https://discussions.apple.com/profile/pawelhordynski,Claimed,200,2.2326360429999568
pawelhordynski,Archive.org,https://archive.org,https://archive.org/details/@pawelhordynski,Claimed,404,2.9700953350002237
pawelhordynski,ArtStation,https://www.artstation.com/,https://www.artstation.com/pawelhordynski,Claimed,200,0.3398882499998308
pawelhordynski,Bikemap,https://www.bikemap.net/,https://www.bikemap.net/en/u/pawelhordynski/routes/created/,Claimed,202,0.6086490010000034
pawelhordynski,BitBucket,https://bitbucket.org/,https://bitbucket.org/pawelhordynski/,Claimed,200,1.4657546260000345
pawelhordynski,Coders Rank,https://codersrank.io/,https://profile.codersrank.io/user/pawelhordynski/,Claimed,200,1.9097274179998749
pawelhordynski,CyberDefenders,https://cyberdefenders.org/,https://cyberdefenders.org/p/pawelhordynski,Claimed,404,2.277439792999985
pawelhordynski,Envato Forum,https://forums.envato.com/,https://forums.envato.com/u/pawelhordynski,Claimed,200,2.8339535019999857
pawelhordynski,Euw,https://euw.op.gg/,https://euw.op.gg/summoner/userName=pawelhordynski,Claimed,404,3.849211460000106
pawelhordynski,Fiverr,https://www.fiverr.com/,https://www.fiverr.com/pawelhordynski,Claimed,403,3.0801637099998516
pawelhordynski,Freelance.habr,https://freelance.habr.com/,https://freelance.habr.com/freelancers/pawelhordynski,Claimed,410,3.2537246680001317
pawelhordynski,GNOME VCS,https://gitlab.gnome.org/,https://gitlab.gnome.org/pawelhordynski,Claimed,200,3.485550127000124
pawelhordynski,Giphy,https://giphy.com/,https://giphy.com/pawelhordynski,Claimed,200,4.0302944610000395
pawelhordynski,GitHub,https://www.github.com/,https://www.github.com/pawelhordynski,Claimed,200,4.0473330429999805
pawelhordynski,Gravatar,http://en.gravatar.com/,http://en.gravatar.com/pawelhordynski,Claimed,200,5.582587210999918
pawelhordynski,HackenProof (Hackers),https://hackenproof.com/,https://hackenproof.com/hackers/pawelhordynski,Claimed,403,4.036591918999875
pawelhordynski,HackerEarth,https://hackerearth.com/,https://hackerearth.com/@pawelhordynski,Claimed,404,6.69253071099979
pawelhordynski,HudsonRock,https://hudsonrock.com,https://cavalier.hudsonrock.com/api/json/v2/osint-tools/search-by-username?username=pawelhordynski,Claimed,200,4.889637376999872
pawelhordynski,LessWrong,https://www.lesswrong.com/,https://www.lesswrong.com/users/@pawelhordynski,Claimed,200,6.132359877999988
pawelhordynski,LibraryThing,https://www.librarything.com/,https://www.librarything.com/profile/pawelhordynski,Claimed,403,5.659132418999889
pawelhordynski,Lichess,https://lichess.org,https://lichess.org/@/pawelhordynski,Claimed,404,5.659539418999884
pawelhordynski,Mydramalist,https://mydramalist.com,https://www.mydramalist.com/profile/pawelhordynski,Claimed,404,7.158832961000144
pawelhordynski,NationStates Nation,https://nationstates.net,https://nationstates.net/nation=pawelhordynski,Claimed,403,6.649117919999981
pawelhordynski,NationStates Region,https://nationstates.net,https://nationstates.net/region=pawelhordynski,Claimed,403,6.641006628000014
pawelhordynski,PepperIT,https://www.pepper.it,https://www.pepper.it/profile/pawelhordynski/overview,Claimed,200,7.429547794999962
pawelhordynski,ProductHunt,https://www.producthunt.com/,https://www.producthunt.com/@pawelhordynski,Claimed,404,7.877558046000104
pawelhordynski,PyPi,https://pypi.org,https://pypi.org/user/pawelhordynski,Claimed,200,7.989773712000215
pawelhordynski,Roblox,https://www.roblox.com/,https://www.roblox.com/user.aspx?username=pawelhordynski,Claimed,404,8.89951925399987
pawelhordynski,Shpock,https://www.shpock.com/,https://www.shpock.com/shop/pawelhordynski/items,Claimed,200,8.727673338000159
pawelhordynski,SlideShare,https://slideshare.net/,https://slideshare.net/pawelhordynski,Claimed,200,9.780495837999979
pawelhordynski,Snapchat,https://www.snapchat.com,https://www.snapchat.com/add/pawelhordynski,Claimed,200,9.252489296000022
pawelhordynski,Speedrun.com,https://speedrun.com/,https://speedrun.com/user/pawelhordynski,Claimed,403,9.259243420999837
pawelhordynski,Splice,https://splice.com/,https://splice.com/pawelhordynski,Claimed,200,9.322196171000087
pawelhordynski,Strava,https://www.strava.com/,https://www.strava.com/athletes/pawelhordynski,Claimed,404,9.905564630000072
pawelhordynski,TLDR Legal,https://tldrlegal.com/,https://tldrlegal.com/users/pawelhordynski/,Claimed,200,11.599211879999984
pawelhordynski,Twitch,https://www.twitch.tv/,https://www.twitch.tv/pawelhordynski,Claimed,200,10.144677129999991
pawelhordynski,Twitter,https://twitter.com/,https://twitter.com/pawelhordynski,Claimed,200,10.29395800500015
pawelhordynski,Vero,https://vero.co/,https://vero.co/pawelhordynski,Claimed,200,10.535819422000031
pawelhordynski,Weblate,https://hosted.weblate.org/,https://hosted.weblate.org/user/pawelhordynski/,Claimed,200,10.598944297000116
pawelhordynski,Wykop,https://www.wykop.pl,https://www.wykop.pl/ludzie/pawelhordynski,Claimed,200,11.100575672000105
pawelhordynski,YandexMusic,https://music.yandex,https://music.yandex/users/pawelhordynski/playlists,Claimed,404,11.526760046999925
pawelhordynski,YouTube,https://www.youtube.com/,https://www.youtube.com/@pawelhordynski,Claimed,200,11.150676880999981
pawelhordynski,Zhihu,https://www.zhihu.com/,https://www.zhihu.com/people/pawelhordynski,Claimed,403,11.702847881000025
pawelhordynski,freecodecamp,https://www.freecodecamp.org/,https://www.freecodecamp.org/pawelhordynski,Claimed,404,11.926198589000023
pawelhordynski,svidbook,https://www.svidbook.ru/,https://www.svidbook.ru/user/pawelhordynski,Claimed,200,13.964371924000034
